published;INSTANSI;KODE;company;amount;NOMOR AWAL;code;lembar;total
2011-06-17;ADPEL;9078;78;2;0;111;1;2
2010-04-23;ADPEL;9012;12;5;306;355;50;250
2010-05-21;ADPEL;9012;12;5;456;505;50;250
2011-09-09;ADPEL;9012;12;5;601;800;200;1,000
2011-11-21;ADPEL;9012;12;10;1782;1800;19;190
2011-11-21;ADPEL;9012;12;10;1801;1857;57;570
2011-11-24;ADPEL;9012;12;10;1858;1957;100;1,000
2011-11-24;ADPEL;9012;12;5;2428;2461;34;170
2010-10-27;ADPEL;9012;12;5;2401;2600;200;1,000
2011-05-20;ADPEL;9012;12;10;3070;3100;31;310
2011-05-20;ADPEL;9012;12;10;3301;3319;19;190
2012-02-17;ADPEL;9012;12;10;3501;3600;100;1,000
2011-11-24;ADPEL;9012;12;3;3821;3870;50;150
2012-02-17;ADPEL;9012;12;5;3801;4000;200;1,000
2011-06-17;ADPEL;9078;78;10;4362;4410;49;490
2012-05-24;ADPEL;9078;78;5;5701;5900;200;1,000
2011-09-09;ADPEL;9012;12;10;7349;7400;52;520
2011-09-09;ADPEL;9012;12;10;7801;7868;68;680
2012-12-04;ADPEL;9012;12;1;0;8229;1;1
2010-10-27;ADPEL;9012;12;10;9801;9900;100;1,000
2012-12-04;ADPEL;9012;12;3;9926;9992;67;201
2011-02-09;ADPEL;9012;12;5;10635;10699;65;325
2011-11-21;ADPEL;9012;12;10;11777;11800;24;240
2011-06-17;ADPEL;9078;78;5;13364;13412;49;245
2011-06-23;ADPEL;9078;78;5;13501;13700;200;1,000
2010-04-23;ADPEL;9012;12;10;16101;16200;100;1,000
2010-05-21;ADPEL;9012;12;10;16309;16408;100;1,000
2012-12-04;ADPEL;9012;12;10;17102;17179;78;780
2012-12-24;ADPEL;9078;78;10;19196;19284;89;890
2011-11-25;ASST.III SEKDA;9087;87;10;2101;2200;100;1,000
2010-03-12;BAPEDA SUP.;9056;56;3;6488;6516;29;87
2010-03-12;BAPEDA SUP.;9056;56;2;6517;6517;1;2
2010-03-12;BAPEDA SUP.;9056;56;10;14922;15006;85;850
2011-07-25;BPBD;9091;91;2;0;115;1;2
2011-07-25;BPBD;9091;91;3;1287;1420;134;402
2011-07-25;BPBD;9091;91;10;5966;6100;135;1,350
2011-09-17;BPDB;9091;91;5;0;904;1;5
2011-12-16;BPDB;9091;91;10;1550;1617;68;680
2011-12-16;BPDB;9091;91;2;0;2062;1;2
2011-12-16;BPDB;9091;91;3;4311;4345;35;105
2011-09-17;BPDB;9091;91;10;9090;9132;43;430
2011-04-28;BPKAD;9088;88;2;3;54;52;104
2011-04-28;BPKAD;9088;88;10;1980;2046;67;670
2011-04-27;BPMK;9085;85;3;1;20;20;60
2011-08-13;BPMK;9085;85;5;31;60;30;150
2011-08-13;BPMK;9085;85;2;0;116;1;2
2010-05-20;BPMK;9085;85;5;356;455;100;500
2011-04-27;BPMK;9085;85;10;1883;1898;16;160
2011-08-13;BPMK;9085;85;3;1826;2071;246;738
2010-10-13;BPMK;9085;85;5;2188;2238;51;255
2010-10-13;BPMK;9085;85;3;2239;2239;1;3
2012-05-23;BPMK;9085;85;5;5161;5210;50;250
2010-01-05;BPMK;9085;85;5;5965;5987;23;115
2010-01-05;BPMK;9085;85;4;5988;5988;1;4
2011-08-13;BPMK;9085;85;10;6596;6610;15;150
2012-05-23;BPMK;9085;85;3;6260;6699;440;1,320
2012-05-23;BPMK;9085;85;1;0;6700;1;1
2010-01-05;BPMK;9085;85;10;12250;12279;30;300
2011-04-27;BPMK;9085;85;5;12345;12385;41;205
2010-05-20;BPMK;9085;85;10;16056;16100;45;450
2010-05-20;BPMK;9085;85;10;16301;16308;8;80
2011-04-27;BPMK;9085;85;3;17663;17900;238;714
2011-08-15;BUPATI;9056;56;1;0;117;1;1
2011-10-27;BUPATI;9056;56;5;1179;1265;87;435
2011-12-15;BUPATI;9056;56;10;1304;1394;91;910
2011-12-15;BUPATI;9056;56;8;0;1395;1;8
2012-04-03;BUPATI;9056;56;5;0;4472;1;5
2012-04-03;BUPATI;9056;56;10;4689;4700;12;120
2012-04-03;BUPATI;9056;56;10;5386;5400;15;150
2012-04-03;BUPATI;9056;56;10;5401;5510;110;1,100
2012-04-03;BUPATI;9056;56;10;5621;5636;16;160
2010-02-15;BUPATI;9056;56;5;6243;6243;1;5
2011-08-15;BUPATI;9056;56;10;6661;6836;176;1,760
2012-10-24;BUPATI;9056;56;5;0;7740;1;5
2012-10-24;BUPATI;9056;56;4;0;7741;1;4
2012-12-19;BUPATI;9056;56;2;0;8230;1;2
2011-10-27;BUPATI;9056;56;10;9963;10029;67;670
2011-02-08;BUPATI;9056;56;5;10087;10100;14;70
2011-02-08;BUPATI;9056;56;5;10201;10404;204;1,020
2012-07-20;BUPATI;9056;56;10;10908;11016;109;1,090
2012-07-20;BUPATI;9056;56;8;0;11017;1;8
2010-02-15;BUPATI;9056;56;10;13374;13573;200;2,000
2012-10-24;BUPATI;9056;56;10;14677;14764;88;880
2012-12-19;BUPATI;9056;56;10;18635;18855;221;2,210
2010-09-06;BUPATI;9056;56;10;19167;19232;66;660
2010-09-06;BUPATI;9056;56;2;19223;19233;11;22
2011-08-15;DENBEKANG;9001;1;5;161;280;120;600
2011-08-29;DENBEKANG;9001;1;5;281;320;40;200
2011-09-06;DENBEKANG;9001;1;5;321;440;120;600
2011-12-01;DENBEKANG;9001;1;10;1;450;450;4,500
2011-10-01;DENBEKANG;9001;1;5;1001;1100;100;500
2011-11-02;DENBEKANG;9001;1;5;1371;1470;100;500
2012-01-06;DENBEKANG;9001;1;10;1697;1700;4;40
2012-01-06;DENBEKANG;9001;1;10;1728;1800;73;730
2012-01-06;DENBEKANG;9001;1;10;2101;2273;173;1,730
2011-05-05;DENBEKANG;9001;1;10;2388;2400;13;130
2011-12-01;DENBEKANG;9001;1;5;2462;2561;100;500
2012-01-06;DENBEKANG;9001;1;5;2774;2800;27;135
2011-05-05;DENBEKANG;9001;1;10;2536;2822;287;2,870
2012-02-01;DENBEKANG;9001;1;10;2826;3225;400;4,000
2012-01-06;DENBEKANG;9001;1;5;3246;3318;73;365
2010-12-08;DENBEKANG;9001;1;5;3301;3400;100;500
2012-02-07;DENBEKANG;9001;1;10;3325;3404;80;800
2012-02-01;DENBEKANG;9001;1;5;3420;3500;81;405
2012-02-01;DENBEKANG;9001;1;5;3601;3619;19;95
2012-02-27;DENBEKANG;9001;1;10;3621;3670;50;500
2012-03-01;DENBEKANG;9001;1;10;3701;4100;400;4,000
2012-03-01;DENBEKANG;9001;1;5;4001;4100;100;500
2011-06-06;DENBEKANG;9001;1;10;3941;4290;350;3,500
2012-04-02;DENBEKANG;9001;1;5;4211;4310;100;500
2012-05-02;DENBEKANG;9001;1;5;4801;4900;100;500
2012-04-02;DENBEKANG;9001;1;10;4901;5300;400;4,000
2012-06-04;DENBEKANG;9001;1;5;5641;5680;40;200
2012-07-09;DENBEKANG;9001;1;5;6637;6736;100;500
2012-05-02;DENBEKANG;9001;1;10;6601;7000;400;4,000
2012-08-01;DENBEKANG;9001;1;5;6929;7028;100;500
2011-08-15;DENBEKANG;9001;1;10;6837;7136;300;3,000
2012-09-04;DENBEKANG;9001;1;5;7201;7300;100;500
2011-08-29;DENBEKANG;9001;1;10;7187;7326;140;1,400
2012-09-17;DENBEKANG;9001;1;5;7538;7577;40;200
2011-09-06;DENBEKANG;9001;1;10;7401;7800;400;4,000
2012-06-04;DENBEKANG;9001;1;10;7801;8000;200;2,000
2012-11-01;DENBEKANG;9001;1;5;7901;8000;100;500
2012-11-23;DENBEKANG;9001;1;5;9377;9386;10;50
2012-07-09;DENBEKANG;9001;1;10;9430;9479;50;500
2012-12-04;DENBEKANG;9001;1;5;9485;9500;16;80
2011-10-01;DENBEKANG;9001;1;10;9301;9700;400;4,000
2012-12-04;DENBEKANG;9001;1;5;9701;9784;84;420
2012-07-09;DENBEKANG;9001;1;10;9501;9900;400;4,000
2013-01-07;DENBEKANG;9001;1;5;10531;10590;60;300
2011-02-11;DENBEKANG;9001;1;5;10701;10800;100;500
2011-11-02;DENBEKANG;9001;1;10;10479;10928;450;4,500
2011-03-04;DENBEKANG;9001;1;5;11001;11100;100;500
2010-11-09;DENBEKANG;9001;1;10;11201;11400;200;2,000
2012-08-01;DENBEKANG;9001;1;10;11188;11637;450;4,500
2012-09-04;DENBEKANG;9001;1;10;12401;12800;400;4,000
2010-12-08;DENBEKANG;9001;1;10;12701;13000;300;3,000
2012-09-17;DENBEKANG;9001;1;10;12997;13000;4;40
2011-05-05;DENBEKANG;9001;1;5;13001;13100;100;500
2012-09-17;DENBEKANG;9001;1;10;13301;13326;26;260
2011-06-06;DENBEKANG;9001;1;5;13254;13353;100;500
2011-03-04;DENBEKANG;9001;1;10;14201;14500;300;3,000
2012-10-09;DENBEKANG;9001;1;10;14301;14500;200;2,000
2012-11-01;DENBEKANG;9001;1;10;15115;15564;450;4,500
2012-11-23;DENBEKANG;9001;1;10;16338;16343;6;60
2011-02-11;DENBEKANG;9001;1;10;16301;16600;300;3,000
2012-12-04;DENBEKANG;9001;1;10;17195;17644;450;4,500
2013-01-07;DENBEKANG;9001;1;10;19285;19534;250;2,500
2010-06-21;DESKES SUP.;9083;83;5;570;600;31;155
2010-06-21;DESKES SUP.;9083;83;5;801;900;100;500
2010-06-21;DESKES SUP.;9083;83;5;901;989;89;445
2010-06-21;DESKES SUP.;9083;83;4;990;990;1;4
2010-06-21;DESKES SUP.;9083;83;10;16447;16500;54;540
2010-06-21;DESKES SUP.;9083;83;10;17301;17411;111;1,110
2012-02-28;DINKES;9083;83;10;3671;3700;30;300
2010-01-13;DINKES;9083;83;3;4782;4800;19;57
2010-01-13;DINKES;9083;83;5;5989;6010;22;110
2010-01-13;DINKES;9083;83;3;6901;6918;18;54
2010-11-04;DINKES;9083;83;10;10901;11100;200;2,000
2010-01-13;DINKES;9083;83;10;12280;12323;44;440
2010-08-02;DINKES;9083;83;10;15029;15088;60;600
2010-08-02;DINKES;9083;83;10;15401;15500;100;1,000
2010-08-02;DINKES;9083;83;10;15501;15600;100;1,000
2010-08-02;DINKES;9083;83;10;18258;18300;43;430
2010-08-02;DINKES;9083;83;10;18336;18400;65;650
2010-08-02;DINKES;9083;83;10;18601;18682;82;820
2010-08-03;DINKES SUP.;9083;83;5;252;265;14;70
2010-08-03;DINKES SUP.;9083;83;5;1311;1336;26;130
2010-10-27;DINKES SUP.;9083;83;5;2288;2350;63;315
2010-10-27;DINKES SUP.;9083;83;4;2351;2351;1;4
2010-11-11;DINKES SUP.;9083;83;5;3104;3104;1;5
2010-11-11;DINKES SUP.;9083;83;1;3105;3105;1;1
2010-11-12;DINKES SUP.;9083;83;5;3106;3148;43;215
2010-11-12;DINKES SUP.;9083;83;4;3149;3149;1;4
2010-11-27;DINKES SUP.;9083;83;5;3193;3236;44;220
2010-03-03;DINKES SUP.;9083;83;4;6401;6401;1;4
2010-10-12;DINKES SUP.;9083;83;10;9180;9234;55;550
2010-10-27;DINKES SUP.;9083;83;10;9722;9771;50;500
2010-11-11;DINKES SUP.;9083;83;10;11152;11195;44;440
2010-11-12;DINKES SUP.;9083;83;10;11196;11200;5;50
2010-11-12;DINKES SUP.;9083;83;10;11401;11439;39;390
2010-11-27;DINKES SUP.;9083;83;10;12359;12413;55;550
2010-02-22;DINKES SUP.;9083;83;10;13859;13866;8;80
2010-03-03;DINKES SUP.;9083;83;10;14254;14275;22;220
2010-08-03;DINKES SUP.;9083;83;10;18683;18772;90;900
2010-09-06;DINKES SUP.;9083;83;10;19352;19361;10;100
2010-09-06;DINKES SUP.;9083;83;10;19400;19500;101;1,010
2010-08-11;DINSOS SUP.;9067;67;5;1401;1500;100;500
2010-08-11;DINSOS SUP.;9067;67;3;6536;6549;14;42
2010-08-11;DINSOS SUP.;9067;67;3;7493;7644;152;456
2010-08-11;DINSOS SUP.;9067;67;10;18781;18830;50;500
2011-08-09;DINSOS.SUP;9067;67;5;21;30;10;50
2011-08-09;DINSOS.SUP;9067;67;10;6559;6588;30;300
2011-04-04;DINSOS.SUP;9067;67;5;11737;12216;480;2,400
2011-04-04;DINSOS.SUP;9067;67;3;14501;15128;628;1,884
2011-04-04;DINSOS.SUP;9067;67;3;17569;17600;32;96
2011-12-13;DIS.WARSA;9084;84;10;1196;1243;48;480
2011-12-13;DIS.WARSA;9084;84;1;0;2060;1;1
2011-12-13;DIS.WARSA;9084;84;5;2633;2681;49;245
2011-12-13;DIS.WARSA;9084;84;3;4161;4209;49;147
2011-04-26;DISHUB;9041;41;2;0;1;1;2
2011-05-23;DISHUB;9041;41;2;0;58;1;2
2011-07-01;DISHUB;9041;41;1;0;112;1;1
2011-05-23;DISHUB;9041;41;3;810;844;35;105
2011-12-09;DISHUB;9041;41;10;841;860;20;200
2011-07-01;DISHUB;9041;41;3;1033;1102;70;210
2011-07-27;DISHUB;9041;41;3;1521;1583;63;189
2011-07-27;DISHUB;9041;41;1;0;1584;1;1
2010-09-24;DISHUB;9041;41;5;1986;2115;130;650
2010-09-24;DISHUB;9041;41;4;2116;2116;1;4
2011-12-09;DISHUB;9041;41;5;2586;2632;47;235
2011-09-20;DISHUB;9041;41;3;2604;2673;70;210
2011-09-20;DISHUB;9041;41;1;0;2674;1;1
2010-11-20;DISHUB;9041;41;5;3150;3192;43;215
2011-12-09;DISHUB;9041;41;3;4109;4133;25;75
2012-03-26;DISHUB;9041;41;3;5107;5176;70;210
2012-03-26;DISHUB;9041;41;1;0;5177;1;1
2012-05-16;DISHUB;9041;41;3;6068;6210;143;429
2010-08-03;DISHUB;9041;41;3;6518;6534;17;51
2010-08-03;DISHUB;9041;41;2;6535;6535;1;2
2010-06-21;DISHUB;9041;41;3;6582;6600;19;57
2010-06-21;DISHUB;9041;41;3;6701;6752;52;156
2010-08-03;DISHUB;9041;41;3;7301;7426;126;378
2012-12-31;DISHUB;9041;41;2;8232;8233;2;4
2012-09-18;DISHUB;9041;41;3;8524;8615;92;276
2010-11-20;DISHUB;9041;41;3;8646;8681;36;108
2010-11-20;DISHUB;9041;41;1;8682;8682;1;1
2012-12-31;DISHUB;9041;41;5;10335;10530;196;980
2012-12-31;DISHUB;9041;41;3;10732;11052;321;963
2011-04-01;DISHUB;9041;41;5;11714;11736;23;115
2011-05-23;DISHUB;9041;41;5;12987;13000;14;70
2011-05-23;DISHUB;9041;41;5;13101;13107;7;35
2011-01-13;DISHUB;9041;41;2;13568;13572;5;10
2011-01-13;DISHUB;9041;41;1;13573;13573;1;1
2011-03-02;DISHUB;9041;41;2;13904;13946;43;86
2011-03-02;DISHUB;9041;41;1;13947;13947;1;1
2011-04-26;DISHUB;9041;41;3;15688;15700;13;39
2011-01-13;DISHUB;9041;41;2;16101;16200;100;200
2011-02-02;DISHUB;9041;41;2;16201;16237;37;74
2011-03-02;DISHUB;9041;41;2;16238;16269;32;64
2011-02-02;DISHUB;9041;41;1;16270;16270;1;1
2011-03-02;DISHUB;9041;41;2;16271;16300;30;60
2011-04-01;DISHUB;9041;41;3;17499;17500;2;6
2011-04-01;DISHUB;9041;41;3;17501;17568;68;204
2011-04-26;DISHUB;9041;41;3;17601;17662;62;186
2011-01-10;DISHUB;9041;41;2;19347;19451;105;210
2011-01-10;DISHUB;9041;41;1;19452;19452;1;1
2011-02-02;DISHUB;9041;41;2;19565;19600;36;72
2012-07-03;DISPENDA;9058;58;5;6456;6500;45;225
2012-07-03;DISPENDA;9058;58;5;6609;6636;28;140
2012-07-03;DISPENDA;9058;58;3;7057;7175;119;357
2012-07-03;DISPENDA;9058;58;1;0;7176;1;1
2010-05-12;DISPERINDAG;9062;62;3;6574;6580;7;21
2010-05-12;DISPERINDAG;9062;62;1;6581;6581;1;1
2010-05-12;DISPERINDAG;9062;62;3;6601;6700;100;300
2010-11-30;DISPERINDAG;9062;62;3;8683;8842;160;480
2010-11-30;DISPERINDAG;9062;62;1;8843;8843;1;1
2010-11-30;DISPERINDAG;9062;62;10;12414;12493;80;800
2010-05-12;DISPERINDAG;9062;62;10;16201;16300;100;1,000
2011-09-06;DISSOS.SUP;9067;67;5;441;504;64;320
2011-09-06;DISSOS.SUP;9067;67;4;0;505;1;4
2011-10-04;DISTAN.SUP;9076;76;5;905;1000;96;480
2011-10-04;DISTAN.SUP;9076;76;5;1101;1125;25;125
2011-10-04;DISTAN.SUP;9076;76;3;2926;3045;120;360
2011-10-04;DISTAN.SUP;9076;76;10;9155;9200;46;460
2011-10-04;DISTAN.SUP;9076;76;10;9701;9805;105;1,050
2012-04-26;DISTRIK WARSA;9084;84;5;4749;4783;35;175
2012-04-26;DISTRIK WARSA;9084;84;4;0;4784;1;4
2012-04-26;DISTRIK WARSA;9084;84;3;5812;5846;35;105
2012-04-26;DISTRIK WARSA;9084;84;10;5999;6000;2;20
2012-04-26;DISTRIK WARSA;9084;84;10;6501;6557;57;570
2012-07-21;DISTRIK WARSA;9084;84;1;0;6899;1;1
2012-07-21;DISTRIK WARSA;9084;84;5;6869;6928;60;300
2012-07-21;DISTRIK WARSA;9084;84;3;7406;7465;60;180
2012-07-21;DISTRIK WARSA;9084;84;10;11127;11187;61;610
2011-11-30;DKP;9060;60;10;451;650;200;2,000
2010-06-30;DKP;9060;60;5;1118;1177;60;300
2010-12-29;DKP;9071;71;5;6261;6300;40;200
2010-12-29;DKP;9071;71;5;6401;6506;106;530
2010-12-29;DKP;9071;71;2;6507;6507;1;2
2010-06-30;DKP;9060;60;10;17765;17784;20;200
2011-04-11;DKP.SUP;9060;60;10;1793;1802;10;100
2012-04-18;DKP.SUP;9071;71;5;4628;4747;120;600
2012-04-18;DKP.SUP;9071;71;10;5925;5984;60;600
2011-04-11;DKP.SUP;9060;60;5;12217;12236;20;100
2011-06-01;DPAM;9007;7;10;3556;3610;55;550
2011-06-01;DPAM;9007;7;5;13173;13253;81;405
2010-06-17;DPRD;9014;14;5;506;568;63;315
2010-06-17;DPRD;9014;14;4;569;569;1;4
2010-06-17;DPRD;9014;14;5;601;800;200;1,000
2011-11-15;DPRD;9014;14;2;253;1343;1,091;2,182
2011-11-15;DPRD;9014;14;10;1344;1781;438;4,380
2011-12-28;DPRD;9014;14;2;2063;2100;38;76
2011-11-15;DPRD;9014;14;5;1881;2318;438;2,190
2011-12-28;DPRD;9014;14;5;2801;3245;445;2,225
2012-05-24;DPRD;9014;14;2;2201;3300;1,100;2,200
2011-12-28;DPRD;9014;14;2;4201;5118;918;1,836
2011-12-28;DPRD;9014;14;1;0;5119;1;1
2011-12-28;DPRD;9014;14;2;5120;5219;100;200
2012-05-24;DPRD;9014;14;4;0;5228;1;4
2012-05-24;DPRD;9014;14;5;5211;5640;430;2,150
2010-12-30;DPRD;9014;14;5;6639;6672;34;170
2010-12-30;DPRD;9014;14;2;6673;6673;1;2
2010-12-30;DPRD;9014;14;5;6674;6674;1;5
2012-07-16;DPRD;9014;14;2;5826;6896;1,071;2,142
2012-07-16;DPRD;9014;14;1;0;6897;1;1
2012-05-24;DPRD;9014;14;10;7089;7100;12;120
2012-05-24;DPRD;9014;14;10;7252;7300;49;490
2010-12-30;DPRD;9014;14;5;6701;7500;800;4,000
2012-05-24;DPRD;9014;14;10;7473;7500;28;280
2012-05-24;DPRD;9014;14;10;7501;7630;130;1,300
2012-11-19;DPRD;9014;14;2;6908;7978;1,071;2,142
2012-11-19;DPRD;9014;14;1;0;7979;1;1
2012-11-19;DPRD;9014;14;5;8197;8200;4;20
2010-12-30;DPRD;9014;14;5;7501;8300;800;4,000
2012-11-19;DPRD;9014;14;5;8401;9052;652;3,260
2010-12-30;DPRD;9014;14;5;8301;9300;1000;5,000
2012-07-16;DPRD;9014;14;10;10301;10400;100;1,000
2012-07-16;DPRD;9014;14;10;10501;10840;340;3,400
2012-11-19;DPRD;9014;14;10;15901;16230;330;3,300
2010-06-17;DPRD;9014;14;10;16801;17300;500;5,000
2011-07-19;DPRD BIAK;9014;14;2;0;114;1;2
2011-07-19;DPRD BIAK;9014;14;10;5679;5965;287;2,870
2011-07-19;DPRD BIAK;9014;14;5;14057;14800;744;3,720
2012-09-22;DPRD SUPIORI;9093;93;5;7578;7664;87;435
2012-09-22;DPRD SUPIORI;9093;93;3;0;8616;1;3
2012-11-30;DPRD SUPIORI;9093;93;5;9388;9475;88;440
2012-11-30;DPRD SUPIORI;9093;93;3;9533;9675;143;429
2012-09-22;DPRD SUPIORI;9093;93;10;13467;13532;66;660
2012-11-30;DPRD SUPIORI;9093;93;10;16518;16561;44;440
2010-06-25;DPU;9026;26;5;1071;1116;46;230
2010-06-25;DPU;9026;26;2;1117;1117;1;2
2011-10-29;DPU;9026;26;5;1316;1370;55;275
2010-08-23;DPU;9026;26;5;1337;1376;40;200
2010-08-23;DPU;9026;26;2;1376;1376;1;2
2010-11-04;DPU;9026;26;5;3043;3073;31;155
2010-11-04;DPU;9026;26;1;3074;3074;1;1
2012-03-28;DPU;9026;26;5;3671;3700;30;150
2012-03-28;DPU;9026;26;5;4101;4209;109;545
2012-03-28;DPU;9026;26;4;0;4210;1;4
2012-03-28;DPU;9026;26;10;4601;4688;88;880
2012-06-25;DPU;9026;26;1;0;5514;1;1
2012-06-25;DPU;9026;26;5;6312;6440;129;645
2010-04-29;DPU;9026;26;3;6550;6573;24;72
2010-12-30;DPU;9026;26;5;6508;6600;93;465
2010-12-30;DPU;9026;26;5;6601;6637;37;185
2010-12-30;DPU;9026;26;4;6638;6638;1;4
2012-09-14;DPU;9026;26;4;0;6904;1;4
2012-09-14;DPU;9026;26;5;7356;7537;182;910
2012-06-25;DPU;9026;26;10;9197;9289;93;930
2012-11-22;DPU;9026;26;5;9153;9376;224;1,120
2012-11-22;DPU;9026;26;3;0;9532;1;3
2011-10-29;DPU;9026;26;10;10190;10249;60;600
2010-11-04;DPU;9026;26;10;10295;10300;6;60
2010-11-04;DPU;9026;26;10;11101;11133;33;330
2012-09-14;DPU;9026;26;10;12931;12996;66;660
2012-11-22;DPU;9026;26;10;15893;15900;8;80
2010-04-29;DPU;9026;26;10;16018;16047;30;300
2012-11-22;DPU;9026;26;10;16301;16337;37;370
2010-06-25;DPU;9026;26;10;17637;17664;28;280
2010-08-23;DPU;9026;26;10;18856;18903;48;480
2011-05-10;DPU BIAK;9026;26;10;2895;2938;44;440
2011-05-10;DPU BIAK;9026;26;9;0;2939;1;9
2011-05-10;DPU BIAK;9026;26;5;12981;12986;6;30
2011-06-27;DPU BIAK;9026;26;5;13413;13500;88;440
2011-06-27;DPU BIAK;9026;26;5;13701;13707;7;35
2010-03-09;DPU SUP.;9026;26;3;4645;4700;56;168
2010-03-09;DPU SUP.;9026;26;3;6478;6487;10;30
2010-06-23;DPU SUP.;9026;26;3;7157;7178;22;66
2010-06-23;DPU SUP.;9026;26;1;7179;7179;1;1
2010-03-09;DPU SUP.;9026;26;10;14423;14581;159;1,590
2010-06-23;DPU SUP.;9026;26;10;17462;17516;55;550
2012-10-30;DPU SUPIORI;9026;26;5;7742;7861;120;600
2012-10-30;DPU SUPIORI;9026;26;3;9104;9126;23;69
2012-10-30;DPU SUPIORI;9026;26;10;14765;14914;150;1,500
2010-10-16;DPU. SUP;9026;26;3;8291;8495;205;615
2010-10-16;DPU. SUP;9026;26;2;8496;8496;1;2
2010-10-16;DPU. SUP;9026;26;10;9255;9300;46;460
2010-10-16;DPU. SUP;9026;26;10;9501;9623;123;1,230
2011-09-17;DPU.SUP;9026;26;5;582;600;19;95
2011-09-17;DPU.SUP;9026;26;5;801;903;103;515
2011-11-11;DPU.SUP;9026;26;5;1620;1879;260;1,300
2011-11-11;DPU.SUP;9026;26;4;0;1880;1;4
2011-09-17;DPU.SUP;9026;26;3;2481;2602;122;366
2011-09-17;DPU.SUP;9026;26;1;0;2603;1;1
2012-05-19;DPU.SUP;9026;26;5;4912;5000;89;445
2012-05-19;DPU.SUP;9026;26;5;5101;5160;60;300
2012-05-19;DPU.SUP;9026;26;2;0;5226;1;2
2012-05-19;DPU.SUP;9026;26;3;6211;6259;49;147
2012-05-19;DPU.SUP;9026;26;10;7301;7450;150;1,500
2011-09-17;DPU.SUP;9026;26;10;8268;8300;33;330
2011-09-17;DPU.SUP;9026;26;10;8601;8848;248;2,480
2011-11-11;DPU.SUP;9026;26;10;11250;11559;310;3,100
2011-03-22;DPU.SUPIORI;9026;26;10;73;222;150;1,500
2011-03-22;DPU.SUPIORI;9026;26;5;11259;11447;189;945
2011-03-22;DPU.SUPIORI;9026;26;2;14101;14200;100;200
2011-03-22;DPU.SUPIORI;9026;26;3;16046;16100;55;165
2011-03-22;DPU.SUPIORI;9026;26;3;16901;16937;37;111
2011-03-22;DPU.SUPIORI;9026;26;2;17223;17313;91;182
2011-03-22;DPU.SUPIORI;9026;26;2;17314;17400;87;174
2011-03-22;DPU.SUPIORI;9026;26;2;17401;17497;97;194
2011-03-22;DPU.SUPIORI;9026;26;1;0;17498;1;1
2012-06-16;FAJAR PAPUA/DPRD SUP;9093;93;2;3301;3800;500;1,000
2012-06-16;FAJAR PAPUA/DPRD SUP;9093;93;2;5231;5254;24;48
2012-06-16;FAJAR PAPUA/DPRD SUP;9093;93;1;0;5255;1;1
2012-06-19;FAJAR PAPUA/DPRD SUP;9093;93;2;5264;5300;37;74
2012-06-19;FAJAR PAPUA/DPRD SUP;9093;93;2;5401;5512;112;224
2012-06-19;FAJAR PAPUA/DPRD SUP;9093;93;1;0;5513;1;1
2012-07-02;FAJAR PAPUA/DPRD SUP;9093;93;2;5601;5708;108;216
2012-06-16;FAJAR PAPUA/DPRD SUP;9093;93;5;5913;5942;30;150
2012-06-19;FAJAR PAPUA/DPRD SUP;9093;93;5;5943;6000;58;290
2012-06-16;FAJAR PAPUA/DPRD SUP;9093;93;5;6001;6300;300;1,500
2012-06-19;FAJAR PAPUA/DPRD SUP;9093;93;5;6301;6311;11;55
2012-07-02;FAJAR PAPUA/DPRD SUP;9093;93;5;6501;6608;108;540
2010-07-19;FARMASI;9077;77;5;1199;1219;21;105
2010-07-19;FARMASI;9077;77;1;1220;1220;1;1
2011-01-14;FARMASI;9077;77;5;9330;9400;71;355
2011-01-14;FARMASI;9077;77;5;9901;10029;129;645
2010-07-19;FARMASI;9077;77;10;15672;15678;7;70
2010-07-19;FARMASI;9077;77;10;17881;17900;20;200
2010-07-19;FARMASI;9077;77;10;18201;18206;6;60
2011-03-21;GPA;9022;22;10;23;72;50;500
2011-12-06;GPA;9031;31;10;791;840;50;500
2012-01-24;GPA;9031;31;10;2376;2425;50;500
2011-05-09;GPA;9031;31;10;2845;2894;50;500
2012-03-05;GPA;9031;31;10;4241;4290;50;500
2011-06-22;GPA;9031;31;10;4445;4494;50;500
2012-04-18;GPA;9031;31;10;5873;5924;52;520
2011-07-27;GPA;9031;31;10;6369;6418;50;500
2011-08-23;GPA;9031;31;10;7137;7186;50;500
2012-06-04;GPA;9031;31;10;7661;7700;40;400
2012-06-04;GPA;9031;31;10;8001;8010;10;100
2010-10-26;GPA;9031;31;10;9672;9721;50;500
2011-10-04;GPA;9031;31;10;9806;9855;50;500
2012-07-18;GPA;9031;31;10;9992;10000;9;90
2012-07-18;GPA;9031;31;10;10867;10900;34;340
2012-07-18;GPA;9031;31;10;10901;10907;7;70
2012-08-10;GPA;9031;31;10;11811;11860;50;500
2010-12-14;GPA;9031;31;10;13107;13156;50;500
2012-09-24;GPA;9031;31;10;13533;13582;50;500
2011-01-21;GPA;9031;31;10;13606;13655;50;500
2010-02-15;GPA;9031;31;10;13809;13858;50;500
2012-10-31;GPA;9031;31;10;15065;15114;50;500
2010-06-08;GPA;9031;31;10;16501;16800;300;3,000
2010-07-19;GPA;9031;31;10;17901;18026;126;1,260
2010-07-19;GPA;9031;31;10;18028;18200;173;1,730
2010-07-19;GPA;9031;31;10;18207;18207;1;10
2012-12-10;GPA;9031;31;10;18306;18355;50;500
2010-09-15;GPA;9031;31;10;19742;19791;50;500
2013-01-21;GPA;9031;31;10;20432;20481;50;500
2011-12-05;HIB;9017;17;10;691;700;10;100
2012-03-19;HIB;9017;17;10;4291;4300;10;100
2010-09-06;HIB;9017;17;10;5760;5779;20;200
2010-10-22;HIB;9017;17;10;9642;9671;30;300
2011-10-15;HIB;9017;17;10;9936;9945;10;100
2010-01-04;HIB;9017;17;10;11924;11963;40;400
2010-11-30;HIB;9017;17;10;12494;12523;30;300
2010-02-03;HIB;9017;17;10;13201;13240;40;400
2010-03-04;HIB;9017;17;10;14276;14305;30;300
2010-06-19;HIB;9017;17;10;16417;16446;30;300
2010-07-27;HIB;9017;17;10;18491;18500;10;100
2010-07-27;HIB;9017;17;10;18501;18510;10;100
2010-07-27;HIB;9017;17;10;18511;18520;10;100
2010-09-06;HIB;9017;17;10;19322;19351;30;300
2010-09-15;IMIGRASI;9048;48;5;1902;1961;60;300
2012-01-24;IMIGRASI;9048;48;10;2501;2800;300;3,000
2012-01-24;IMIGRASI;9048;48;5;3501;3600;100;500
2011-06-30;IMIGRASI;9048;48;10;4601;4700;100;1,000
2012-12-17;IMIGRASI;9048;48;5;10103;10162;60;300
2011-06-30;IMIGRASI;9048;48;5;13708;13827;120;600
2012-12-17;IMIGRASI;9048;48;10;18365;18417;53;530
2010-09-15;IMIGRASI;9048;48;10;19792;19961;170;1,700
2011-05-30;INFOKOM;9089;89;10;3358;3405;48;480
2011-05-30;INFOKOM;9089;89;5;13117;13132;16;80
2010-03-12;INSPEKTORAT SUP.;9075;75;5;29;229;201;1,005
2010-03-12;INSPEKTORAT SUP.;9075;75;4;230;230;1;4
2010-09-14;INSPEKTORAT SUP.;9075;75;5;1722;1901;180;900
2010-09-14;INSPEKTORAT SUP.;9075;75;3;7774;7934;161;483
2010-03-12;INSPEKTORAT SUP.;9075;75;10;14582;14921;340;3,400
2010-09-14;INSPEKTORAT SUP.;9075;75;10;19362;19400;39;390
2010-09-14;INSPEKTORAT SUP.;9075;75;10;19501;19741;241;2,410
2010-07-22;K3PAK;9069;69;5;1221;1270;50;250
2010-07-22;K3PAK;9069;69;10;3678;3752;75;750
2010-08-31;KEPSEL;9053;53;5;1521;1570;50;250
2010-09-01;KEPSEL;9053;53;5;1571;1660;90;450
2011-02-24;KEPSEL;9035;35;5;10800;10900;101;505
2011-01-26;KEPSEL;9053;53;10;13701;13800;100;1,000
2011-01-26;KEPSEL;9053;53;3;15701;15800;100;300
2011-02-24;KEPSEL;9035;35;3;16601;16766;166;498
2010-08-31;KEPSEL;9053;53;10;18994;19043;50;500
2010-09-01;KEPSEL;9053;53;10;19044;19073;30;300
2010-08-24;KESBANG;9088;88;5;1378;1400;23;115
2010-08-24;KESBANG;9088;88;5;1501;1520;20;100
2011-12-13;KESPEL;9053;53;10;1244;1303;60;600
2011-07-26;KESPEL;9053;53;3;1421;1520;100;300
2011-04-04;KESPEL;9053;53;10;1549;1648;100;1,000
2010-10-14;KESPEL;9053;53;5;2240;2279;40;200
2011-09-12;KESPEL;9053;53;3;2201;2400;200;600
2012-01-25;KESPEL;9053;53;10;2426;2500;75;750
2012-01-25;KESPEL;9053;53;10;2801;2825;25;250
2012-01-25;KESPEL;9053;53;5;3340;3419;80;400
2011-11-07;KESPEL;9053;53;3;3262;3427;166;498
2012-01-25;KESPEL;9053;53;3;4276;4310;35;105
2012-01-25;KESPEL;9053;53;3;4484;4648;165;495
2012-04-04;KESPEL;9073;73;3;5178;5200;23;69
2012-04-04;KESPEL;9073;73;3;5401;5510;110;330
2012-04-04;KESPEL;9073;73;10;5680;5701;22;220
2011-07-26;KESPEL;9053;53;10;6299;6368;70;700
2012-06-21;KESPEL;9053;53;3;6957;7056;100;300
2011-09-12;KESPEL;9053;53;10;8036;8175;140;1,400
2010-10-14;KESPEL;9053;53;3;8069;8234;166;498
2012-09-20;KESPEL;9053;53;3;8701;8900;200;600
2012-06-21;KESPEL;9053;53;10;9027;9196;170;1,700
2010-10-14;KESPEL;9053;53;10;9301;9400;100;1,000
2012-12-06;KESPEL;9053;53;3;10014;10513;500;1,500
2011-11-07;KESPEL;9053;53;10;10951;11000;50;500
2010-02-08;KESPEL;9053;53;10;13251;13350;100;1,000
2012-09-20;KESPEL;9053;53;10;13327;13466;140;1,400
2011-04-04;KESPEL;9053;53;3;15129;15458;330;990
2012-12-06;KESPEL;9053;53;10;17645;17700;56;560
2012-12-06;KESPEL;9053;53;10;17901;18064;164;1,640
2012-09-13;KLASIS GKI BIAK;9093;93;1;0;6903;1;1
2012-09-13;KLASIS GKI BIAK;9093;93;3;8490;8523;34;102
2013-01-14;KPKN;9021;21;5;10621;10623;3;15
2011-06-14;KPU;9090;90;2;59;109;51;102
2011-05-09;KRT;9073;73;3;627;659;33;99
2011-12-02;KRT;9073;73;10;651;690;40;400
2011-05-10;KRT;9073;73;3;660;724;65;195
2011-06-08;KRT;9073;73;3;845;942;98;294
2011-07-12;KRT;9073;73;3;1189;1286;98;294
2011-08-02;KRT;9073;73;3;1620;1717;98;294
2011-04-11;KRT;9073;73;10;1771;1792;22;220
2011-09-05;KRT;9073;73;3;2072;2197;126;378
2012-01-10;KRT;9073;73;10;2354;2375;22;220
2011-10-03;KRT;9073;73;3;2675;2700;26;78
2011-05-09;KRT;9073;73;10;2823;2844;22;220
2011-10-03;KRT;9073;73;3;2801;2875;75;225
2011-10-03;KRT;9073;73;3;2901;2925;25;75
2011-11-04;KRT;9073;73;3;3136;3261;126;378
2012-02-07;KRT;9073;73;10;3303;3324;22;220
2011-11-24;KRT;9073;73;3;3751;3820;70;210
2011-12-02;KRT;9073;73;3;3871;4108;238;714
2012-03-05;KRT;9073;73;10;4219;4240;22;220
2011-06-08;KRT;9073;73;10;4291;4312;22;220
2012-01-10;KRT;9073;73;3;4358;4483;126;378
2012-02-07;KRT;9073;73;3;4739;4878;140;420
2012-03-05;KRT;9073;73;3;4967;5106;140;420
2011-07-12;KRT;9073;73;10;5120;5141;22;220
2012-04-03;KRT;9073;73;3;5178;5200;23;69
2012-04-03;KRT;9073;73;3;5401;5510;110;330
2012-04-03;KRT;9073;73;10;5680;5701;22;220
2012-05-03;KRT;9073;73;3;5847;5979;133;399
2010-03-02;KRT;9073;73;3;6356;6400;45;135
2011-08-02;KRT;9073;73;10;6430;6451;22;220
2012-05-03;KRT;9073;73;10;6577;6598;22;220
2010-06-21;KRT;9073;73;3;6753;6812;60;180
2012-06-04;KRT;9073;73;3;6701;6833;133;399
2010-01-18;KRT;9073;73;3;6919;6963;45;135
2010-02-08;KRT;9073;73;3;6995;7039;45;135
2010-07-21;KRT;9073;73;3;7238;7300;63;189
2012-07-09;KRT;9073;73;3;7177;7320;144;432
2011-09-05;KRT;9073;73;10;7327;7348;22;220
2012-08-02;KRT;9073;73;3;7466;7623;158;474
2012-06-04;KRT;9073;73;10;7631;7660;30;300
2010-08-18;KRT;9073;73;3;7645;7707;63;189
2010-09-20;KRT;9073;73;3;7935;7997;63;189
2010-10-16;KRT;9073;73;3;8235;8290;56;168
2012-09-06;KRT;9073;73;3;8241;8398;158;474
2010-11-18;KRT;9073;73;3;8590;8645;56;168
2012-09-27;KRT;9073;73;3;8617;8675;59;177
2010-12-03;KRT;9073;73;3;8844;8899;56;168
2012-09-27;KRT;9073;73;3;8901;8999;99;297
2010-09-20;KRT;9073;73;10;8992;9011;20;200
2011-10-03;KRT;9073;73;10;9133;9154;22;220
2010-10-16;KRT;9073;73;10;9235;9254;20;200
2012-11-02;KRT;9073;73;3;9187;9344;158;474
2012-07-09;KRT;9073;73;10;9400;9429;30;300
2012-11-20;KRT;9073;73;3;9374;9531;158;474
2013-12-21;KRT;9073;73;3;10574;10731;158;474
2011-11-04;KRT;9073;73;10;10929;10950;22;220
2013-01-09;KRT;9073;73;3;11053;11198;146;438
2010-11-18;KRT;9073;73;10;11440;11459;20;200
2013-02-01;KRT;9073;73;3;11339;11499;161;483
2012-08-02;KRT;9073;73;10;11728;11757;30;300
2012-09-06;KRT;9073;73;10;12225;12254;30;300
2010-01-18;KRT;9073;73;10;12324;12333;10;100
2010-12-03;KRT;9073;73;10;12594;12613;20;200
2010-12-22;KRT;9073;73;10;13174;13187;14;140
2010-02-08;KRT;9073;73;10;13241;13250;10;100
2011-01-17;KRT;9073;73;10;13584;13605;22;220
2012-09-27;KRT;9073;73;10;13583;13612;30;300
2011-02-09;KRT;9073;73;10;14001;14022;22;220
2011-03-04;KRT;9073;73;10;14045;14066;22;220
2010-03-02;KRT;9073;73;10;14234;14253;20;200
2012-11-02;KRT;9073;73;10;15565;15594;30;300
2011-04-11;KRT;9073;73;3;15516;15620;105;315
2012-11-20;KRT;9073;73;10;15883;15892;10;100
2011-02-09;KRT;9073;73;3;15858;15955;98;294
2011-03-04;KRT;9073;73;3;15991;16000;10;30
2012-11-20;KRT;9073;73;10;16281;16300;20;200
2011-03-04;KRT;9073;73;3;16801;16888;88;264
2010-06-21;KRT;9073;73;10;17412;17431;20;200
2010-07-21;KRT;9073;73;10;18208;18242;35;350
2010-08-18;KRT;9073;73;10;18831;18855;25;250
2013-12-21;KRT;9073;73;10;19166;19195;30;300
2011-01-17;KRT;9073;73;3;19453;19546;94;282
2013-01-09;KRT;9073;73;10;19733;19762;30;300
2013-02-01;KRT;9073;73;10;20482;20526;45;450
2011-09-12;LAPAN;9030;30;5;515;564;50;250
2011-03-28;LAPAN;9030;30;10;709;800;92;920
2010-06-25;LAPAN;9030;30;5;1041;1070;30;150
2011-03-28;LAPAN;9030;30;10;1101;1138;38;380
2011-10-27;LAPAN;9030;30;5;1266;1315;50;250
2010-12-08;LAPAN;9030;30;5;3286;3300;15;75
2010-12-08;LAPAN;9030;30;5;3401;3445;45;225
2011-06-01;LAPAN;9030;30;10;3406;3555;150;1,500
2012-05-08;LAPAN;9030;30;5;5001;5100;100;500
2012-09-12;LAPAN;9030;30;5;7196;7200;5;25
2012-05-08;LAPAN;9030;30;10;7101;7250;150;1,500
2012-09-12;LAPAN;9030;30;5;7301;7355;55;275
2011-09-12;LAPAN;9030;30;10;7886;8035;150;1,500
2010-09-20;LAPAN;9030;30;10;8901;8991;91;910
2012-12-05;LAPAN;9030;30;5;9801;10000;200;1,000
2011-10-27;LAPAN;9030;30;10;10030;10189;160;1,600
2011-03-28;LAPAN;9030;30;5;11644;11683;40;200
2012-09-12;LAPAN;9030;30;10;12281;12300;20;200
2010-12-08;LAPAN;9030;30;10;12614;12673;60;600
2012-09-12;LAPAN;9030;30;10;12801;12930;130;1,300
2010-12-08;LAPAN;9030;30;10;13001;13100;100;1,000
2011-06-01;LAPAN;9030;30;5;13133;13172;40;200
2010-02-15;LAPAN;9030;30;10;13664;13793;130;1,300
2010-02-15;LAPAN;9030;30;10;13794;13808;15;150
2010-06-25;LAPAN;9030;30;10;17517;17636;120;1,200
2012-12-05;LAPAN;9030;30;10;17701;17900;200;2,000
2010-09-20;LAPAN;9030;30;10;19972;20000;29;290
2011-08-15;METEO;9035;35;5;61;160;100;500
2011-04-06;METEO;9035;35;10;1671;1770;100;1,000
2011-11-15;METEO;9035;35;5;2319;2418;100;500
2012-02-06;METEO;9035;35;10;3253;3302;50;500
2012-02-06;METEO;9035;35;5;3701;3800;100;500
2011-08-15;METEO;9035;35;10;6611;6660;50;500
2012-06-12;METEO;9035;35;10;8321;8370;50;500
2012-11-20;METEO;9035;35;5;9053;9152;100;500
2010-10-09;METEO;9035;35;10;9080;9179;100;1,000
2012-06-12;METEO;9035;35;5;10001;10100;100;500
2011-01-26;METEO;9035;35;5;10101;10200;100;500
2013-02-12;METEO;9035;35;5;10801;10900;100;500
2010-11-18;METEO;9035;35;10;11460;11474;15;150
2011-11-15;METEO;9035;35;10;11710;11759;50;500
2010-01-25;METEO;9035;35;10;12701;12900;200;2,000
2011-01-26;METEO;9035;35;10;13655;13700;46;460
2011-01-26;METEO;9035;35;10;13801;13805;5;50
2012-11-20;METEO;9035;35;10;16231;16280;50;500
2010-06-28;METEO;9035;35;10;17665;17764;100;1,000
2013-02-12;METEO;9035;35;10;21149;21198;50;500
2013-02-04;P.A;9094;94;2;8486;8549;64;128
2013-02-04;P.A;9094;94;1;0;8550;1;1
2013-02-04;P.A;9094;94;10;20527;20543;17;170
2013-01-15;P.A KTR AGAMA BIAK;9094;94;1;0;8234;1;1
2013-01-15;P.A KTR AGAMA BIAK;9094;94;3;11199;11234;36;108
2013-01-15;P.A KTR AGAMA BIAK;9094;94;10;19893;19909;17;170
2011-03-23;PAP;9022;22;10;801;1100;300;3,000
2011-12-22;PAP;9022;22;10;1801;2100;300;3,000
2012-03-21;PAP;9022;22;10;4301;4600;300;3,000
2011-07-06;PAP;9022;22;10;4801;5100;300;3,000
2011-09-14;PAP;9022;22;10;8301;8600;300;3,000
2012-06-08;PAP;9022;22;10;8401;8700;300;3,000
2010-10-28;PAP;9022;22;10;9901;10200;300;3,000
2010-01-19;PAP;9022;22;10;12334;12633;300;3,000
2012-09-13;PAP;9022;22;10;13001;13300;300;3,000
2011-01-10;PAP;9022;22;10;13268;13567;300;3,000
2010-03-23;PAP;9022;22;10;15101;15400;300;3,000
2012-12-03;PAP;9022;22;10;16601;16900;300;3,000
2010-07-22;PAP;9022;22;10;18243;18257;15;150
2010-07-22;PAP;9022;22;10;18301;18335;35;350
2010-03-01;PDAM;9007;7;5;9;28;20;100
2010-07-01;PDAM;9007;7;5;266;305;40;200
2011-09-13;PDAM;9007;7;5;565;581;17;85
2011-12-05;PDAM;9007;7;10;701;790;90;900
2011-10-05;PDAM;9007;7;5;1126;1169;44;220
2011-04-01;PDAM;9007;7;10;1139;1218;80;800
2010-08-02;PDAM;9007;7;5;1271;1310;40;200
2011-11-08;PDAM;9007;7;5;1471;1488;18;90
2010-09-02;PDAM;9007;7;5;1682;1721;40;200
2012-01-06;PDAM;9007;7;10;2274;2353;80;800
2011-05-02;PDAM;9007;7;10;2292;2370;79;790
2010-11-01;PDAM;9007;7;5;2352;2400;49;245
2011-12-05;PDAM;9007;7;5;2562;2585;24;120
2010-11-01;PDAM;9007;7;5;2601;2601;1;5
2010-12-02;PDAM;9007;7;5;3237;3283;47;235
2012-01-06;PDAM;9007;7;5;3319;3339;21;105
2012-02-08;PDAM;9007;7;10;3405;3474;70;700
2012-02-08;PDAM;9007;7;5;3620;3648;29;145
2011-03-05;PDAM;9007;7;5;3650;3670;21;105
2011-03-05;PDAM;9007;7;10;4138;4218;81;810
2012-04-02;PDAM;9007;7;5;4311;4340;30;150
2011-07-04;PDAM;9007;7;10;4599;4600;2;20
2012-04-02;PDAM;9007;7;5;0;4748;1;5
2011-07-04;PDAM;9007;7;10;4701;4798;98;980
2012-05-04;PDAM;9007;7;5;4786;4911;126;630
2012-04-02;PDAM;9007;7;10;5301;5385;85;850
2012-06-04;PDAM;9007;7;5;5681;5700;20;100
2012-06-04;PDAM;9007;7;5;5901;5912;12;60
2010-01-05;PDAM;9007;7;5;5925;5964;40;200
2012-04-02;PDAM;9007;7;10;5985;5998;14;140
2010-02-01;PDAM;9007;7;5;6122;6161;40;200
2010-03-01;PDAM;9007;7;5;6281;6300;20;100
2012-07-03;PDAM;9007;7;5;6441;6455;15;75
2012-05-04;PDAM;9007;7;10;6599;6600;2;20
2011-01-03;PDAM;9007;7;5;6675;6700;26;130
2012-08-02;PDAM;9007;7;5;7029;7066;38;190
2012-05-04;PDAM;9007;7;10;7001;7088;88;880
2012-09-04;PDAM;9007;7;5;7167;7195;29;145
2012-05-04;PDAM;9007;7;10;0;7251;1;10
2012-10-05;PDAM;9007;7;5;7665;7692;28;140
2012-11-10;PDAM;9007;7;5;8162;8196;35;175
2011-09-13;PDAM;9007;7;10;8188;8267;80;800
2012-06-04;PDAM;9007;7;10;8230;8320;91;910
2011-01-03;PDAM;9007;7;5;9301;9329;29;145
2012-07-03;PDAM;9007;7;10;9310;9399;90;900
2010-11-01;PDAM;9007;7;10;9772;9800;29;290
2012-12-06;PDAM;9007;7;5;9785;9800;16;80
2011-10-05;PDAM;9007;7;10;9856;9915;60;600
2011-02-02;PDAM;9007;7;5;10030;10077;48;240
2010-11-01;PDAM;9007;7;10;10201;10232;32;320
2013-01-12;PDAM;9007;7;5;10591;10620;30;150
2011-03-03;PDAM;9007;7;5;0;10700;1;5
2013-02-11;PDAM;9007;7;5;10724;10734;11;55
2011-03-03;PDAM;9007;7;5;10901;10938;38;190
2011-04-01;PDAM;9007;7;5;10939;10958;20;100
2011-11-08;PDAM;9007;7;10;11001;11080;80;800
2011-04-01;PDAM;9007;7;5;11684;11700;17;85
2011-04-01;PDAM;9007;7;5;11701;11713;13;65
2012-08-02;PDAM;9007;7;10;11638;11727;90;900
2012-07-13;PDAM;9007;7;10;12211;12224;14;140
2010-01-05;PDAM;9007;7;10;12169;12249;81;810
2012-09-04;PDAM;9007;7;10;12301;12400;100;1,000
2011-05-02;PDAM;9007;7;5;12476;12534;59;295
2010-12-02;PDAM;9007;7;10;12524;12593;70;700
2010-02-01;PDAM;9007;7;10;13120;13200;81;810
2011-01-03;PDAM;9007;7;10;13188;13267;80;800
2012-09-04;PDAM;9007;7;10;13613;13624;12;120
2012-10-05;PDAM;9007;7;10;13625;13704;80;800
2011-02-02;PDAM;9007;7;10;13806;13885;80;800
2010-03-01;PDAM;9007;7;10;14160;14233;74;740
2010-07-01;PDAM;9007;7;10;15089;15100;12;120
2010-07-01;PDAM;9007;7;10;15601;15671;71;710
2012-11-10;PDAM;9007;7;10;15795;15874;80;800
2011-03-03;PDAM;9007;7;10;16001;16036;36;360
2011-03-03;PDAM;9007;7;10;16767;16800;34;340
2012-12-06;PDAM;9007;7;10;18062;18155;94;940
2012-12-10;PDAM;9007;7;10;18356;18364;9;90
2010-08-02;PDAM;9007;7;10;18401;18490;90;900
2010-09-02;PDAM;9007;7;10;19074;19158;85;850
2013-01-12;PDAM;9007;7;10;19803;19892;90;900
2013-02-11;PDAM;9007;7;10;20654;20700;47;470
2013-02-11;PDAM;9007;7;10;21101;21148;48;480
2010-10-05;PDAM ;9007;7;5;2117;2166;50;250
2010-10-05;PDAM ;9007;7;10;9012;9071;60;600
2011-08-03;PDAM,;9007;7;5;1;11;11;55
2011-08-03;PDAM,;9007;7;10;6452;6541;90;900
2011-05-03;PERINDAG;9062;62;3;119;446;328;984
2011-05-03;PERINDAG;9062;62;1;0;447;1;1
2011-12-30;PERINDAG;9062;62;10;4346;4357;12;120
2011-12-30;PERINDAG;9062;62;1;0;4359;1;1
2012-06-16;PERINDAG;9062;62;2;0;5230;1;2
2012-06-16;PERINDAG;9062;62;3;6922;6956;35;105
2010-06-22;PERTAHANAN;9042;42;3;6813;6900;88;264
2010-06-22;PERTAHANAN;9042;42;3;7101;7155;55;165
2010-06-22;PERTAHANAN;9042;42;2;7156;7156;1;2
2010-07-17;PERTAHANAN;9043;43;10;17793;17879;87;870
2010-07-17;PERTAHANAN;9043;43;9;17880;17880;1;9
2012-08-14;PERTANAHAN;9042;42;1;0;6901;1;1
2012-08-14;PERTANAHAN;9042;42;3;7725;8040;316;948
2013-01-18;PIS;9095;95;2;8235;8484;250;500
2010-04-01;PLN;9004;4;5;231;265;35;175
2010-01-29;PLN;9004;4;5;6019;6069;51;255
2010-02-27;PLN;9004;4;5;6244;6280;37;185
2010-02-27;PLN;9004;4;3;6304;6355;52;156
2010-04-01;PLN;9004;4;3;6518;6548;31;93
2010-04-01;PLN;9004;4;1;6549;6549;1;1
2010-01-29;PLN;9004;4;3;6964;6994;31;93
2010-01-29;PLN;9004;4;10;12660;12700;41;410
2010-01-29;PLN;9004;4;10;12901;13026;126;1,260
2010-01-29;PLN;9004;4;10;13028;13119;92;920
2010-02-12;PLN;9004;4;10;13351;13365;15;150
2010-02-27;PLN;9004;4;10;13885;14159;275;2,750
2010-04-01;PLN;9004;4;10;15029;15088;60;600
2010-04-01;PLN;9004;4;10;15401;15600;200;2,000
2011-03-17;PN;9048;48;10;1;22;22;220
2011-05-20;PN;9048;48;2;0;57;1;2
2011-06-15;PN;9048;48;2;0;110;1;2
2011-07-06;PN;9048;48;2;0;113;1;2
2011-09-13;PN;9048;48;2;0;118;1;2
2010-08-03;PN;9048;48;5;231;251;21;105
2011-05-20;PN;9048;48;3;725;809;85;255
2011-06-15;PN;9048;48;3;943;1032;90;270
2011-07-06;PN;9048;48;3;1103;1188;86;258
2010-07-02;PN;9048;48;5;1178;1198;21;105
2011-04-04;PN;9048;48;10;1649;1670;22;220
2010-09-01;PN;9048;48;5;1661;1681;21;105
2011-08-09;PN;9048;48;3;1718;1824;107;321
2011-08-09;PN;9048;48;1;0;1825;1;1
2010-10-07;PN;9048;48;5;2167;2187;21;105
2011-09-13;PN;9048;48;3;2198;2200;3;9
2011-09-13;PN;9048;48;3;2401;2480;80;240
2010-11-06;PN;9048;48;5;3075;3095;21;105
2011-10-10;PN;9048;48;3;3046;3135;90;270
2012-02-03;PN;9048;48;10;3226;3251;26;260
2012-02-03;PN;9048;48;6;0;3252;1;6
2011-05-20;PN;9048;48;10;3320;3334;15;150
2010-12-08;PN;9048;48;5;3446;3472;27;135
2010-12-08;PN;9048;48;3;3473;3473;1;3
2011-11-10;PN;9048;48;3;3428;3518;91;273
2011-11-10;PN;9048;48;1;0;3519;1;1
2012-03-01;PN;9048;48;10;4101;4127;27;270
2011-12-12;PN;9048;48;3;4134;4160;27;81
2011-06-15;PN;9048;48;10;4330;4351;22;220
2012-02-03;PN;9048;48;3;4649;4738;90;270
2011-07-06;PN;9048;48;10;4799;4800;2;20
2012-03-01;PN;9048;48;3;4879;4966;88;264
2011-07-06;PN;9048;48;10;5101;5119;19;190
2012-03-01;PN;9048;48;2;0;5220;1;2
2012-04-05;PN;9048;48;2;0;5221;1;2
2012-04-16;PN;9048;48;2;0;5222;1;2
2012-04-16;PN;9048;48;4;0;5223;1;4
2012-05-15;PN;9048;48;2;0;5225;1;2
2012-04-05;PN;9048;48;3;5611;5698;88;264
2012-04-16;PN;9048;48;3;5699;5775;1;3
2012-04-16;PN;9048;48;3;5801;5811;11;33
2012-04-05;PN;9048;48;10;5801;5827;27;270
2012-04-16;PN;9048;48;10;5838;5864;27;270
2012-05-15;PN;9048;48;3;5980;6067;88;264
2010-01-30;PN;9048;48;5;6070;6120;51;255
2010-01-30;PN;9048;48;4;6121;6121;1;4
2010-02-01;PN;9048;48;5;6162;6241;80;400
2010-02-01;PN;9048;48;2;6242;6242;1;2
2010-02-25;PN;9084;84;2;6303;6303;1;2
2011-08-09;PN;9048;48;10;6589;6595;7;70
2012-07-18;PN;9048;48;1;0;6898;1;1
2012-08-07;PN;9048;48;4;0;6900;1;4
2012-09-13;PN;9048;48;1;0;6902;1;1
2012-10-08;PN;9048;48;1;0;6905;1;1
2012-11-13;PN;9048;48;2;0;6907;1;2
2012-06-12;PN;9048;48;3;6834;6921;88;264
2010-02-25;PN;9084;84;3;7040;7103;64;192
2010-07-01;PN;9048;48;3;7180;7236;57;171
2010-07-01;PN;9048;48;2;7237;7237;1;2
2012-07-18;PN;9048;48;3;7321;7404;84;252
2012-08-07;PN;9048;48;3;7624;7723;100;300
2010-09-23;PN;9048;48;3;7998;8068;71;213
2011-09-13;PN;9048;48;10;8176;8187;12;120
2012-06-12;PN;9048;48;10;8371;8386;16;160
2013-01-18;PN;9048;48;2;0;8485;1;2
2012-09-13;PN;9048;48;3;8399;8489;91;273
2010-10-18;PN;9048;48;3;8497;8589;93;279
2012-10-08;PN;9048;48;3;9000;9103;104;312
2012-11-13;PN;9048;48;3;9345;9373;29;87
2011-10-10;PN;9048;48;10;9916;9935;20;200
2012-12-04;PN;9048;48;3;9993;10013;21;63
2012-07-18;PN;9048;48;10;10841;10866;26;260
2011-11-10;PN;9048;48;10;11234;11245;12;120
2013-01-18;PN;9048;48;3;11235;11338;104;312
2012-08-07;PN;9048;48;10;11758;11791;34;340
2012-09-13;PN;9048;48;10;12255;12280;26;260
2011-01-17;PN;9048;48;10;13574;13583;10;100
2012-10-08;PN;9048;48;10;13705;13715;11;110
2011-03-17;PN;9048;48;3;13948;14000;53;159
2011-02-25;PN;9048;48;10;14023;14044;22;220
2010-03-18;PN;9048;48;10;15007;15027;21;210
2010-03-18;PN;9048;48;6;15028;15028;1;6
2011-04-04;PN;9048;48;3;15459;15514;56;168
2011-04-04;PN;9048;48;2;0;15515;1;2
2011-02-08;PN;9048;48;3;15801;15856;56;168
2011-02-08;PN;9048;48;1;15857;15857;1;1
2012-11-13;PN;9048;48;10;15875;15882;8;80
2011-02-26;PN;9048;48;3;15956;15990;35;105
2011-03-17;PN;9048;48;3;16037;16044;8;24
2011-03-17;PN;9048;48;2;0;16045;1;2
2011-03-17;PN;9048;48;3;16889;16900;12;36
2012-12-04;PN;9048;48;10;17180;17194;15;150
2013-01-18;PN;9048;48;10;20410;20431;22;220
2012-04-26;POLRES BIAK;9002;2;10;6001;6500;500;5,000
2012-07-13;POLRES BIAK;9002;2;10;10001;10100;100;1,000
2012-07-13;POLRES BIAK;9002;2;10;10101;10200;100;1,000
2012-07-13;POLRES BIAK;9002;2;10;10201;10300;100;1,000
2012-07-13;POLRES BIAK;9002;2;10;10401;10500;100;1,000
2012-10-08;POLRES BIAK;9002;2;10;13801;14300;500;5,000
2013-01-10;POLRES BIAK;9002;2;10;19763;19802;40;400
2013-01-17;POLRES BIAK;9002;2;10;19910;20409;500;5,000
2013-02-04;POLRES BIAK;9002;2;10;20544;20603;60;600
2012-08-14;POLRES SUPIORI;9002;2;5;7067;7166;100;500
2012-11-09;POLRES SUPIORI;9002;2;5;7862;7900;39;195
2012-11-09;POLRES SUPIORI;9002;2;5;8001;8161;161;805
2012-11-09;POLRES SUPIORI;9002;2;5;8201;8400;200;1,000
2012-08-14;POLRES SUPIORI;9002;2;10;11901;12150;250;2,500
2012-11-09;POLRES SUPIORI;9002;2;10;15595;15794;200;2,000
2010-10-06;PTN;9005;5;10;9072;9079;8;80
2010-01-22;PTN;9005;5;10;12634;12641;8;80
2010-12-11;PTN;9005;5;10;12674;12700;27;270
2010-12-11;PTN;9005;5;10;13101;13106;6;60
2010-02-15;PTN;9005;5;10;13366;13373;8;80
2010-03-05;PTN;9005;5;10;14415;14422;8;80
2010-04-20;PTN;9005;5;10;16010;16017;8;80
2010-05-15;PTN;9005;5;10;16048;16055;8;80
2010-06-04;PTN;9005;5;10;16409;16416;8;80
2010-07-06;PTN;9005;5;10;17785;17792;8;80
2010-08-03;PTN;9005;5;10;18773;18780;8;80
2010-09-03;PTN;9005;5;10;19159;19166;8;80
2011-04-18;RRI;9040;40;10;1803;1882;80;800
2010-07-26;RRI;9040;40;3;7427;7492;66;198
2011-04-18;RRI;9040;40;3;15621;15687;67;201
2010-07-26;RRI;9040;40;10;18521;18600;80;800
2012-12-04;RSUD;9083;83;2;7980;8227;248;496
2012-12-04;RSUD;9083;83;1;0;8228;1;1
2012-12-04;RSUD;9083;83;5;9476;9484;9;45
2012-12-04;RSUD;9083;83;5;9501;9700;200;1,000
2012-12-04;RSUD;9083;83;3;9676;9925;250;750
2012-12-19;RSUD;9083;83;4;0;10163;1;4
2012-12-04;RSUD;9083;83;10;16562;16600;39;390
2012-12-04;RSUD;9083;83;10;16901;17101;201;2,010
2012-12-19;RSUD;9083;83;10;18415;18634;220;2,200
2012-07-13;SATPOL. PP;9055;55;2;5515;5600;86;172
2012-07-13;SATPOL. PP;9055;55;2;5709;5824;116;232
2012-07-13;SATPOL. PP;9055;55;1;0;5825;1;1
2012-07-13;SATPOL. PP;9055;55;10;9480;9500;21;210
2012-07-13;SATPOL. PP;9055;55;10;9901;9991;91;910
2011-04-29;SATPOL.PP;9055;55;2;0;55;1;2
2012-04-03;SATPOL.PP;9055;55;5;4474;4585;112;560
2012-04-03;SATPOL.PP;9055;55;4;0;4586;1;4
2011-04-29;SATPOL.PP;9055;55;5;12390;12475;86;430
2010-08-25;SEKDA;9080;80;2;773;773;1;2
2010-06-23;SEKDA;9080;80;3;991;1039;49;147
2010-06-23;SEKDA;9080;80;1;1040;1040;1;1
2011-11-12;SEKDA;9087;87;3;3520;3749;230;690
2011-11-12;SEKDA;9087;87;1;0;3750;1;1
2010-01-04;SEKDA;9058;58;3;4731;4781;51;153
2012-03-30;SEKDA;9087;87;10;4701;4900;200;2,000
2012-03-30;SEKDA;9087;87;3;5201;5400;200;600
2010-12-27;SEKDA;9080;80;5;6228;6260;33;165
2010-12-27;SEKDA;9080;80;5;6301;6400;100;500
2010-08-25;SEKDA;9080;80;3;7708;7772;65;195
2012-10-31;SEKDA;9087;87;3;9127;9186;60;180
2011-11-12;SEKDA;9087;87;10;11560;11709;150;1,500
2010-01-04;SEKDA;9058;58;10;11964;12168;205;2,050
2012-10-31;SEKDA;9087;87;10;14915;15064;150;1,500
2010-06-23;SEKDA;9080;80;10;17432;17461;30;300
2010-08-25;SEKDA;9080;80;10;18904;18993;90;900
2010-12-27;SEKDA;9080;80;2;19244;19346;103;206
2011-09-27;SEKDA BIAK;9087;87;3;2701;2800;100;300
2012-08-14;SEKDA BIAK;9087;87;3;8041;8240;200;600
2011-09-27;SEKDA BIAK;9087;87;10;9201;9300;100;1,000
2012-12-10;SEKDA BIAK;9080;80;3;10514;10573;60;180
2012-08-14;SEKDA BIAK;9087;87;10;11861;11900;40;400
2012-08-14;SEKDA BIAK;9087;87;10;12151;12200;50;500
2012-08-14;SEKDA BIAK;9087;87;10;12201;12210;10;100
2012-12-10;SEKDA BIAK;9080;80;10;18156;18305;150;1,500
2010-03-04;SEKDA KAB. BIAK;908;8;3;6402;6477;76;228
2010-03-04;SEKDA KAB. BIAK;908;8;10;14306;14414;109;1,090
2012-06-19;SEKDA SUP;9089;89;10;8397;8400;4;40
2012-06-19;SEKDA SUP;9089;89;10;8701;9026;326;3,260
2010-11-04;SEKDA SUP.;9080;80;5;2602;3041;440;2,200
2010-11-04;SEKDA SUP.;9080;80;2;3042;3042;1;2
2010-12-22;SEKDA SUP.;9080;80;5;4037;6227;2191;10,955
2010-11-04;SEKDA SUP.;9080;80;10;10233;10294;62;620
2010-11-04;SEKDA SUP.;9080;80;10;10301;10900;600;6,000
2010-11-24;SEKDA SUP.;9080;80;10;11475;12357;883;8,830
2010-11-24;SEKDA SUP.;9080;80;5;12358;12358;1;5
2010-04-20;SEKDA SUP.;908;8;10;15679;16009;331;3,310
2010-12-22;SEKDA SUP.;9080;80;2;18153;19243;1091;2,182
2012-10-15;SEKDA SUPIORI;9080;80;5;0;7693;1;5
2012-10-15;SEKDA SUPIORI;9080;80;10;13716;13791;76;760
2012-11-27;SEKDA SUPIORI;9080;80;10;16343;16451;109;1,090
2012-11-27;SEKDA SUPIORI;9080;80;6;0;16452;1;6
2013-01-08;SEKDA SUPIORI;9080;80;10;19535;19731;197;1,970
2013-01-08;SEKDA SUPIORI;9080;80;8;0;19732;1;8
2012-06-04;SEKDA.SUP;9087;87;10;8011;8141;131;1,310
2012-06-04;SEKDA.SUP;9087;87;7;0;8142;1;7
2011-05-02;SEKDA/BAGIAN UMUM;9080;80;5;12535;12971;437;2,185
2011-01-13;SEKWAN SUP.;9088;88;5;9401;9900;500;2,500
2011-03-09;SEKWAN.SUP;9088;88;5;10959;11000;42;210
2011-03-09;SEKWAN.SUP;9088;88;5;11101;11258;158;790
2011-04-28;SETDA BIAK;9080;80;3;21;115;95;285
2011-04-28;SETDA BIAK;9080;80;10;1899;1978;80;800
2011-04-28;SETDA BIAK;9080;80;8;0;19979;1;8
2011-12-13;SETDA SUPIORI;9080;80;10;866;1085;220;2,200
2011-12-13;SETDA SUPIORI;9080;80;1;0;1958;1;1
2011-06-03;SETDA SUPIORI;9087;87;10;3611;3808;198;1,980
2011-07-13;SETDA SUPIORI;9080;80;10;5438;5568;131;1,310
2011-07-13;SETDA SUPIORI;9080;80;8;0;5678;1;8
2011-04-26;SETDA.SUP;9080;80;2;0;2;1;2
2011-04-26;SETDA.SUP;9080;80;5;12237;12344;108;540
2010-02-22;SILOK;9016;16;5;1;7;7;35
2010-02-22;SILOK;9016;16;2;8;8;1;2
2011-08-08;SILOK;9016;16;5;12;20;9;45
2011-09-10;SILOK;9016;16;5;506;514;9;45
2011-02-23;SILOK;9016;16;10;691;707;17;170
2011-02-23;SILOK;9016;16;7;0;708;1;7
2011-10-20;SILOK;9016;16;5;1170;1178;9;45
2011-12-20;SILOK;9016;16;10;1701;1717;17;170
2010-09-17;SILOK;9016;16;5;1962;1984;23;115
2010-10-18;SILOK;9016;16;5;2280;2287;8;40
2011-05-04;SILOK;9016;16;10;2371;2387;17;170
2011-11-16;SILOK;9016;16;5;2419;2427;9;45
2011-12-20;SILOK;9016;16;5;2765;2773;9;45
2010-11-08;SILOK;9016;16;5;3096;3103;8;40
2011-05-25;SILOK;9016;16;10;3341;3357;17;170
2010-12-16;SILOK;9016;16;5;3482;4036;555;2,775
2011-06-14;SILOK;9016;16;10;4313;4329;17;170
2012-04-26;SILOK;9016;16;5;0;4785;1;5
2011-07-12;SILOK;9016;16;10;5142;5158;17;170
2012-04-26;SILOK;9016;16;2;0;5224;1;2
2012-05-22;SILOK;9016;16;1;0;5227;1;1
2010-01-27;SILOK;9016;16;5;6011;6017;7;35
2010-01-27;SILOK;9016;16;2;6018;6018;1;2
2011-08-08;SILOK;9016;16;10;6542;6558;17;170
2012-04-26;SILOK;9016;16;10;6558;6576;19;190
2012-05-22;SILOK;9016;16;10;7451;7471;21;210
2012-05-22;SILOK;9016;16;5;0;7472;1;5
2012-08-10;SILOK;9016;16;3;0;7724;1;3
2011-09-10;SILOK;9016;16;10;7869;7885;17;170
2012-07-03;SILOK;9016;16;10;9290;9308;19;190
2012-07-03;SILOK;9016;16;6;0;9309;1;6
2010-10-18;SILOK;9016;16;10;9624;9640;17;170
2010-10-18;SILOK;9016;16;7;9641;9641;1;7
2011-10-20;SILOK;9016;16;10;9946;9962;17;170
2011-02-02;SILOK;9016;16;5;10078;10085;8;40
2010-11-08;SILOK;9016;16;10;11134;11150;17;170
2010-11-08;SILOK;9016;16;7;11151;11151;1;7
2011-02-23;SILOK;9016;16;5;11636;11643;8;40
2011-11-16;SILOK;9016;16;10;11760;11776;17;170
2012-08-10;SILOK;9016;16;10;11792;11810;19;190
2010-01-27;SILOK;9016;16;10;12642;12659;18;180
2011-05-04;SILOK;9016;16;5;12972;12980;9;45
2011-05-25;SILOK;9016;16;5;13108;13116;9;45
2011-06-14;SILOK;9016;16;5;13354;13362;9;45
2011-07-12;SILOK;9016;16;5;13829;13837;9;45
2010-02-22;SILOK;9016;16;10;13867;13884;18;180
2011-02-02;SILOK;9016;16;10;13886;13902;17;170
2011-02-02;SILOK;9016;16;7;13903;13903;1;7
2010-12-16;SILOK;9016;16;2;17901;18151;251;502
2010-12-16;SILOK;9016;16;2;18152;18152;1;2
2010-09-17;SILOK;9016;16;10;19962;19971;10;100
2011-02-08;WAKIL;9056;56;5;10416;10633;218;1,090
2011-02-08;WAKIL;9056;56;4;10634;10634;1;4
2010-02-15;WAKIL;9056;56;10;13574;13616;43;430
2010-02-15;WAKIL;9056;56;10;13619;13662;44;440
2010-02-15;WAKIL;9056;56;9;13663;13663;1;9
2010-09-06;WAKIL;9056;56;10;19234;19320;87;870
2010-09-06;WAKIL;9056;56;9;19321;19321;1;9
2011-12-15;WAKIL BUPATI;9056;56;10;1396;1486;91;910
2011-11-08;WAKIL BUPATI;9056;56;5;1489;1619;131;655
2011-12-15;WAKIL BUPATI;9056;56;1;0;2061;1;1
2011-12-15;WAKIL BUPATI;9056;56;5;2682;2762;81;405
2011-05-20;WAKIL BUPATI;9056;56;10;3050;3069;20;200
2011-05-20;WAKIL BUPATI;9056;56;10;3101;3300;200;2,000
2012-04-03;WAKIL BUPATI;9056;56;5;4341;4471;131;655
2012-04-03;WAKIL BUPATI;9056;56;5;0;4473;1;5
2011-07-13;WAKIL BUPATI;9056;56;10;5159;5200;42;420
2011-07-13;WAKIL BUPATI;9056;56;10;5370;5437;68;680
2012-04-03;WAKIL BUPATI;9056;56;10;5511;5620;110;1,100
2012-04-03;WAKIL BUPATI;9056;56;10;5637;5679;43;430
2012-07-20;WAKIL BUPATI;9056;56;5;6737;6868;132;660
2012-10-24;WAKIL BUPATI;9056;56;1;0;6906;1;1
2012-07-20;WAKIL BUPATI;9056;56;3;0;7405;1;3
2012-10-24;WAKIL BUPATI;9056;56;5;7695;7739;45;225
2012-12-19;WAKIL BUPATI;9056;56;1;0;8231;1;1
2012-12-19;WAKIL BUPATI;9056;56;5;10164;10334;171;855
2012-07-20;WAKIL BUPATI;9056;56;10;11018;11126;109;1,090
2011-11-08;WAKIL BUPATI;9056;56;10;11081;11190;110;1,100
2011-07-13;WAKIL BUPATI;9056;56;5;13838;14055;218;1,090
2011-07-13;WAKIL BUPATI;9056;56;4;0;14056;1;4
2012-10-24;WAKIL BUPATI;9056;56;10;14524;14676;153;1,530
2012-12-19;WAKIL BUPATI;9056;56;10;18856;19165;310;3,100
2011-05-06;WARSA;9084;84;3;448;626;179;537
2011-08-01;WARSA;9084;84;3;1585;1618;34;102
2011-08-01;WARSA;9084;84;1;0;1619;1;1
2011-08-01;WARSA;9084;84;10;6419;6429;11;110
